id,image,street,city,state
1,http://res.cloudinary.com/cloudkito/image/upload/v1525669518/kgomwbunxgbnzhvvnktr.jpg,10 queen st,Brisbane,Qld
2,http://res.cloudinary.com/cloudkito/image/upload/v1525669518/kgomwbunxgbnzhvvnktr.jpg,20 adelaide st,Brisbane,Qld
3,http://res.cloudinary.com/cloudkito/image/upload/v1525669518/kgomwbunxgbnzhvvnktr.jpg,23 queen st,Brisbane,Qld
4,http://res.cloudinary.com/cloudkito/image/upload/v1525669518/kgomwbunxgbnzhvvnktr.jpg,40 james st,Brisbane,Qld
5,http://res.cloudinary.com/cloudkito/image/upload/v1525669518/kgomwbunxgbnzhvvnktr.jpg,30 eagle st pier,Brisbane,Qld
6,http://res.cloudinary.com/cloudkito/image/upload/v1525669518/kgomwbunxgbnzhvvnktr.jpg,10 herschel st,Brisbane,Qld
7,http://res.cloudinary.com/cloudkito/image/upload/v1525669518/kgomwbunxgbnzhvvnktr.jpg,140 adelaide st,Brisbane,Qld
8,http://res.cloudinary.com/cloudkito/image/upload/v1525669518/kgomwbunxgbnzhvvnktr.jpg,30 walker st,Sydney,NSW
9,http://res.cloudinary.com/cloudkito/image/upload/v1525669518/kgomwbunxgbnzhvvnktr.jpg,10 portland st,Sydney,NSW
10,http://res.cloudinary.com/cloudkito/image/upload/v1525669518/kgomwbunxgbnzhvvnktr.jpg,30 morehead st,Sydney,NSW
11,http://res.cloudinary.com/cloudkito/image/upload/v1525669518/kgomwbunxgbnzhvvnktr.jpg,45 morehead st,Sydney,NSW
12,http://res.cloudinary.com/cloudkito/image/upload/v1525669518/kgomwbunxgbnzhvvnktr.jpg,1 young lane,Sydney,NSW
13,http://res.cloudinary.com/cloudkito/image/upload/v1525669518/kgomwbunxgbnzhvvnktr.jpg,7 burnett st,Sydney,NSW
14,http://res.cloudinary.com/cloudkito/image/upload/v1525669518/kgomwbunxgbnzhvvnktr.jpg,32 george st,Sydney,NSW
15,http://res.cloudinary.com/cloudkito/image/upload/v1525669518/kgomwbunxgbnzhvvnktr.jpg,11 wiliam st,Sydney,NSW
16,http://res.cloudinary.com/cloudkito/image/upload/v1525669518/kgomwbunxgbnzhvvnktr.jpg,11 Grattan st,Melbourne,VIC
17,http://res.cloudinary.com/cloudkito/image/upload/v1525669518/kgomwbunxgbnzhvvnktr.jpg,30 queensberry st,Melbourne,VIC
18,http://res.cloudinary.com/cloudkito/image/upload/v1525669518/kgomwbunxgbnzhvvnktr.jpg,30 william st,Melbourne,VIC
19,http://res.cloudinary.com/cloudkito/image/upload/v1525669518/kgomwbunxgbnzhvvnktr.jpg,11 merriman lane,Melbourne,VIC
20,http://res.cloudinary.com/cloudkito/image/upload/v1525669518/kgomwbunxgbnzhvvnktr.jpg,10 park st,Melbourne,VIC
