id,rating,review,reviewable_id
1,2,strategize next-generation partnerships,8
2,4,morph back-end metrics,9
3,2,expedite dynamic niches,10
4,4,scale efficient communities,6
5,2,grow killer communities,8
6,1,reinvent visionary e-markets,13
7,2,strategize dot-com mindshare,19
8,1,innovate viral technologies,10
9,1,harness B2C convergence,4
10,5,orchestrate web-enabled bandwidth,17
11,1,syndicate bricks-and-clicks channels,15
12,3,innovate impactful channels,3
13,2,embrace out-of-the-box action-items,6
14,5,engage plug-and-play e-business,8
15,3,incentivize cross-platform experiences,9
16,1,envisioneer one-to-one eyeballs,6
17,3,revolutionize killer markets,6
18,5,extend user-centric partnerships,1
19,3,seize e-business schemas,12
20,5,optimize real-time applications,3
21,2,innovate customized users,13
22,1,recontextualize collaborative bandwidth,19
23,1,transition innovative infrastructures,17
24,2,visualize sexy users,10
25,5,target scalable web services,14
26,5,incentivize holistic convergence,18
27,1,integrate e-business partnerships,12
28,4,visualize killer e-markets,4
29,5,e-enable best-of-breed action-items,18
30,1,engineer impactful e-tailers,19
31,2,embrace killer synergies,6
32,3,evolve innovative functionalities,14
33,3,synergize transparent architectures,15
34,5,streamline end-to-end deliverables,8
35,1,disintermediate back-end deliverables,16
36,3,engineer one-to-one schemas,19
37,3,benchmark efficient experiences,3
38,5,architect global e-commerce,9
39,4,innovate world-class solutions,15
40,2,visualize innovative e-tailers,12
41,5,brand efficient supply-chains,18
42,5,architect robust synergies,10
43,3,iterate dot-com bandwidth,6
44,2,redefine e-business interfaces,13
45,3,streamline frictionless relationships,8
46,5,benchmark bricks-and-clicks networks,14
47,2,iterate cross-media bandwidth,5
48,5,transition B2C ROI,7
49,2,extend dot-com web-readiness,17
50,4,monetize open-source metrics,9
51,2,envisioneer one-to-one portals,16
52,2,aggregate innovative relationships,19
53,3,integrate cross-platform partnerships,12
54,1,facilitate robust partnerships,19
55,5,recontextualize distributed bandwidth,18
56,1,utilize impactful schemas,17
57,1,expedite leading-edge e-commerce,7
58,1,repurpose distributed experiences,8
59,1,generate efficient metrics,14
60,2,e-enable end-to-end users,7
61,5,grow bleeding-edge platforms,18
62,1,deliver customized experiences,6
63,4,recontextualize innovative methodologies,15
64,5,leverage customized e-markets,13
65,3,leverage compelling schemas,5
66,4,harness customized synergies,17
67,3,empower interactive networks,1
68,4,benchmark efficient infrastructures,8
69,3,envisioneer cross-media mindshare,13
70,5,utilize wireless applications,4
71,3,seize web-enabled e-business,17
72,2,orchestrate B2C supply-chains,11
73,2,matrix B2C e-markets,4
74,3,visualize granular channels,14
75,5,utilize plug-and-play systems,8
76,3,target strategic solutions,4
77,2,expedite 24/7 portals,4
78,3,expedite efficient markets,7
79,2,brand robust models,9
80,5,morph next-generation infomediaries,13
81,1,revolutionize front-end partnerships,5
82,3,e-enable dynamic synergies,8
83,1,visualize cutting-edge action-items,11
84,2,revolutionize seamless web-readiness,1
85,4,benchmark robust models,3
86,5,strategize integrated deliverables,3
87,2,enable transparent initiatives,11
88,3,facilitate strategic functionalities,1
89,1,generate bleeding-edge paradigms,11
90,5,deliver dynamic initiatives,19
91,1,productize vertical web services,4
92,2,incubate sticky schemas,17
93,3,evolve viral web services,10
94,4,aggregate world-class e-services,19
95,5,benchmark best-of-breed functionalities,8
96,5,drive enterprise networks,4
97,4,transform wireless web-readiness,14
98,2,integrate robust vortals,6
99,2,repurpose sticky technologies,14
100,1,evolve plug-and-play experiences,9
101,4,benchmark granular infomediaries,14
102,4,orchestrate user-centric deliverables,18
103,2,extend dynamic web services,11
104,5,empower B2C e-commerce,20
105,4,mesh mission-critical technologies,3
106,1,benchmark distributed partnerships,20
107,1,orchestrate vertical synergies,15
108,1,iterate rich supply-chains,11
109,4,grow scalable architectures,15
110,1,reintermediate efficient networks,8
111,5,monetize intuitive niches,6
112,2,disintermediate integrated ROI,12
113,1,recontextualize front-end action-items,15
114,2,transition transparent relationships,14
115,3,recontextualize bricks-and-clicks vortals,7
116,2,transform front-end vortals,11
117,4,matrix distributed portals,4
118,1,incubate frictionless functionalities,14
119,4,enable bleeding-edge systems,8
120,2,reintermediate granular bandwidth,10
121,1,monetize turn-key partnerships,6
122,2,maximize revolutionary niches,9
123,2,orchestrate back-end convergence,12
124,1,revolutionize wireless e-markets,16
125,3,target distributed portals,19
126,5,engineer collaborative functionalities,2
127,4,streamline innovative networks,10
128,4,morph one-to-one markets,12
129,2,embrace killer methodologies,7
130,3,visualize out-of-the-box content,9
131,3,architect extensible methodologies,13
132,4,benchmark sexy e-markets,9
133,4,transform collaborative e-business,11
134,3,synthesize value-added initiatives,1
135,2,mesh B2C technologies,15
136,3,iterate e-business content,17
137,5,streamline real-time niches,16
138,4,syndicate extensible ROI,3
139,5,embrace bleeding-edge initiatives,10
140,4,transition sticky web-readiness,16
141,5,evolve interactive deliverables,10
142,4,whiteboard sexy solutions,12
143,3,cultivate collaborative applications,5
144,5,mesh B2C experiences,14
145,2,engineer extensible partnerships,8
146,1,incentivize user-centric e-commerce,10
147,3,deploy back-end relationships,6
148,5,embrace sexy e-markets,19
149,3,transform killer applications,9
150,3,expedite sticky solutions,3
151,2,implement integrated relationships,7
152,2,revolutionize cutting-edge architectures,14
153,3,orchestrate magnetic models,13
154,1,engage back-end supply-chains,4
155,5,cultivate interactive channels,11
156,2,redefine out-of-the-box synergies,18
157,3,integrate strategic deliverables,10
158,4,target vertical interfaces,18
159,5,whiteboard 24/365 bandwidth,2
160,2,strategize bricks-and-clicks applications,3
161,3,enable customized architectures,1
162,5,implement visionary vortals,13
163,4,engineer robust deliverables,19
164,4,matrix B2C models,17
165,5,redefine end-to-end content,8
166,1,redefine front-end action-items,8
167,1,monetize dot-com supply-chains,9
168,2,extend enterprise architectures,8
169,2,expedite bleeding-edge e-business,8
170,3,morph holistic channels,6
171,2,monetize distributed networks,3
172,1,synthesize mission-critical e-services,17
173,2,extend integrated experiences,14
174,2,aggregate granular networks,6
175,1,deploy virtual communities,20
176,3,unleash customized supply-chains,1
177,3,aggregate sexy eyeballs,2
178,1,mesh visionary deliverables,5
179,4,streamline strategic markets,3
180,2,target real-time eyeballs,12
181,1,architect revolutionary synergies,12
182,1,whiteboard killer partnerships,19
183,1,visualize cross-platform interfaces,7
184,3,enhance best-of-breed platforms,3
185,2,benchmark dot-com technologies,8
186,4,expedite transparent niches,9
187,4,engineer front-end methodologies,13
188,4,productize value-added channels,4
189,4,e-enable impactful synergies,18
190,2,incentivize end-to-end e-services,15
191,2,leverage synergistic e-commerce,3
192,2,empower cutting-edge platforms,13
193,2,benchmark global infomediaries,17
194,4,redefine real-time functionalities,13
195,4,strategize leading-edge platforms,5
196,2,redefine end-to-end ROI,20
197,5,evolve holistic deliverables,16
198,3,repurpose bricks-and-clicks initiatives,19
199,5,matrix wireless relationships,9
200,2,target viral e-services,12
201,1,deploy best-of-breed initiatives,8
202,3,incubate rich e-markets,8
203,3,transition compelling initiatives,3
204,2,e-enable viral technologies,20
205,5,brand clicks-and-mortar channels,7
206,4,drive dot-com synergies,13
207,2,cultivate virtual technologies,8
208,5,exploit mission-critical networks,9
209,1,innovate sexy synergies,2
210,4,target dot-com infrastructures,14
211,5,transition turn-key systems,18
212,2,architect sticky applications,18
213,2,morph frictionless networks,8
214,4,target sticky models,15
215,5,mesh clicks-and-mortar schemas,16
216,3,grow scalable systems,12
217,1,envisioneer bleeding-edge paradigms,7
218,2,engineer dot-com vortals,5
219,4,leverage clicks-and-mortar interfaces,5
220,5,benchmark efficient paradigms,5
221,3,unleash enterprise networks,2
222,4,generate distributed interfaces,18
223,2,matrix viral action-items,13
224,5,synergize ubiquitous functionalities,9
225,5,exploit cutting-edge eyeballs,16
226,4,whiteboard dynamic networks,10
227,4,productize scalable action-items,14
228,5,e-enable integrated ROI,6
229,2,innovate world-class supply-chains,10
230,4,redefine global experiences,4
231,4,incubate dynamic action-items,10
232,1,synthesize scalable communities,19
233,3,reinvent 24/7 e-business,20
234,2,exploit B2C models,2
235,4,utilize user-centric web-readiness,5
236,2,visualize world-class action-items,20
237,2,extend proactive e-markets,1
238,4,optimize magnetic web services,10
239,4,visualize sexy web services,3
240,2,unleash e-business deliverables,8
241,3,scale holistic ROI,6
242,3,reintermediate sticky e-services,6
243,2,engineer holistic action-items,13
244,1,productize clicks-and-mortar mindshare,9
245,4,harness bleeding-edge functionalities,19
246,3,exploit transparent markets,16
247,5,implement value-added relationships,5
248,3,optimize clicks-and-mortar experiences,19
249,1,strategize granular solutions,7
250,5,revolutionize revolutionary eyeballs,13
251,2,embrace scalable relationships,17
252,4,visualize dot-com users,20
253,1,whiteboard seamless relationships,6
254,2,enable dynamic niches,8
255,1,matrix granular experiences,13
256,3,orchestrate cutting-edge eyeballs,2
257,4,reintermediate virtual e-tailers,4
258,1,harness intuitive infomediaries,18
259,3,target collaborative e-tailers,3
260,3,innovate extensible eyeballs,17
261,3,brand ubiquitous infrastructures,18
262,4,drive out-of-the-box applications,15
263,2,mesh 24/7 e-markets,4
264,1,embrace dot-com paradigms,1
265,3,syndicate distributed e-tailers,20
266,2,whiteboard one-to-one niches,8
267,5,morph mission-critical ROI,19
268,3,productize dot-com methodologies,19
269,2,generate e-business technologies,4
270,5,transform world-class web-readiness,10
271,1,streamline sexy ROI,2
272,4,reintermediate ubiquitous paradigms,6
273,5,expedite world-class eyeballs,12
274,1,grow synergistic metrics,11
275,2,streamline rich communities,3
276,5,morph world-class partnerships,3
277,2,engineer rich niches,20
278,5,revolutionize user-centric relationships,9
279,4,e-enable virtual e-markets,2
280,3,unleash plug-and-play content,11
281,2,unleash B2C interfaces,6
282,2,incubate web-enabled supply-chains,7
283,4,transition user-centric channels,19
284,1,transition 24/7 e-commerce,19
285,2,deploy best-of-breed action-items,15
286,2,visualize holistic relationships,6
287,5,unleash B2C solutions,15
288,5,mesh B2B architectures,5
289,3,monetize next-generation eyeballs,9
290,2,incubate bleeding-edge initiatives,15
291,5,streamline dynamic relationships,1
292,2,architect value-added eyeballs,11
293,4,leverage collaborative functionalities,9
294,2,incentivize B2C e-commerce,17
295,2,seize one-to-one interfaces,10
296,4,whiteboard holistic relationships,11
297,5,maximize B2B markets,8
298,5,optimize web-enabled users,2
299,4,drive killer infomediaries,1
300,4,streamline open-source portals,8
301,5,empower rich platforms,20
302,1,syndicate ubiquitous platforms,13
303,1,whiteboard efficient e-services,19
304,4,facilitate visionary niches,19
305,3,recontextualize intuitive relationships,14
306,3,facilitate strategic infrastructures,1
307,4,morph cross-media action-items,12
308,4,matrix compelling markets,17
309,3,streamline next-generation deliverables,18
310,2,mesh front-end technologies,9
311,1,facilitate rich vortals,7
312,5,utilize B2C schemas,5
313,1,implement enterprise models,6
314,4,empower turn-key web services,8
315,5,reintermediate magnetic vortals,16
316,4,exploit sticky paradigms,18
317,4,benchmark web-enabled communities,16
318,5,evolve extensible models,12
319,1,cultivate seamless vortals,16
320,4,target intuitive functionalities,11
321,2,extend viral methodologies,16
322,3,expedite dynamic synergies,9
323,2,strategize compelling markets,7
324,4,matrix robust initiatives,6
325,2,generate collaborative systems,15
326,3,unleash B2B communities,15
327,2,monetize vertical partnerships,19
328,5,embrace magnetic supply-chains,10
329,2,synthesize cutting-edge e-commerce,5
330,4,recontextualize open-source channels,12
331,5,iterate enterprise synergies,6
332,1,morph open-source vortals,13
333,4,cultivate world-class deliverables,10
334,5,whiteboard real-time systems,13
335,2,generate frictionless models,14
336,5,generate back-end supply-chains,9
337,3,transition dot-com infomediaries,2
338,4,implement frictionless metrics,12
339,3,facilitate frictionless networks,2
340,3,generate real-time portals,11
341,4,architect virtual models,17
342,2,architect innovative e-business,17
343,4,morph frictionless communities,15
344,1,generate best-of-breed content,3
345,3,envisioneer world-class schemas,4
346,3,harness web-enabled infrastructures,2
347,1,redefine bricks-and-clicks infrastructures,17
348,2,extend cross-platform web services,3
349,3,deploy scalable convergence,15
350,2,synergize killer deliverables,20
351,5,transition back-end initiatives,9
352,2,transform open-source supply-chains,2
353,2,utilize ubiquitous mindshare,13
354,1,strategize rich paradigms,16
355,2,aggregate impactful portals,8
356,3,matrix open-source metrics,11
357,4,optimize cross-platform infomediaries,8
358,4,synergize one-to-one e-services,15
359,3,implement synergistic interfaces,6
360,5,leverage distributed relationships,15
361,1,seize global systems,15
362,5,deploy innovative communities,20
363,3,facilitate 24/7 relationships,5
364,5,iterate mission-critical e-services,17
365,3,mesh ubiquitous paradigms,13
366,1,generate web-enabled networks,1
367,2,whiteboard sexy infrastructures,14
368,2,integrate interactive functionalities,10
369,3,unleash global niches,8
370,2,generate efficient infomediaries,10
371,4,incentivize holistic channels,6
372,5,facilitate compelling niches,2
373,2,incubate plug-and-play web-readiness,15
374,5,transform synergistic niches,18
375,2,cultivate bricks-and-clicks methodologies,19
376,4,engage 24/7 e-markets,9
377,3,architect impactful eyeballs,20
378,2,orchestrate open-source experiences,11
379,5,facilitate viral ROI,7
380,3,architect innovative users,1
381,2,facilitate leading-edge content,7
382,2,synthesize killer e-markets,7
383,5,engage cross-media metrics,20
384,4,transition next-generation content,13
385,3,facilitate plug-and-play e-markets,8
386,2,facilitate front-end paradigms,17
387,1,expedite dynamic partnerships,1
388,2,productize cutting-edge initiatives,4
389,2,brand customized e-markets,9
390,3,evolve plug-and-play eyeballs,5
391,3,drive next-generation e-tailers,12
392,1,e-enable seamless schemas,15
393,4,leverage global niches,17
394,3,visualize distributed web services,13
395,4,exploit holistic methodologies,2
396,3,morph user-centric channels,19
397,2,unleash 24/365 initiatives,1
398,1,embrace 24/365 users,3
399,4,monetize cross-platform deliverables,16
400,2,generate dynamic functionalities,2
401,3,syndicate end-to-end infomediaries,4
402,3,monetize revolutionary technologies,8
403,5,monetize intuitive functionalities,17
404,2,innovate e-business infrastructures,14
405,4,redefine mission-critical e-markets,11
406,5,mesh leading-edge supply-chains,15
407,5,recontextualize plug-and-play e-business,10
408,4,implement synergistic niches,13
409,1,whiteboard revolutionary schemas,4
410,1,enhance back-end content,13
411,1,engineer distributed mindshare,8
412,2,disintermediate e-business systems,5
413,3,seize ubiquitous technologies,3
414,5,incubate efficient relationships,7
415,3,repurpose compelling ROI,18
416,4,benchmark customized models,2
417,1,generate e-business technologies,7
418,2,expedite magnetic methodologies,6
419,4,repurpose sexy e-business,12
420,5,generate back-end partnerships,6
421,3,evolve sexy deliverables,7
422,1,embrace strategic e-markets,10
423,2,generate back-end communities,2
424,4,brand clicks-and-mortar bandwidth,1
425,3,transform B2C supply-chains,17
426,3,engineer global systems,12
427,4,morph seamless markets,1
428,2,enable rich e-tailers,3
429,4,matrix granular e-commerce,14
430,2,harness proactive methodologies,13
431,1,benchmark extensible paradigms,16
432,3,utilize front-end channels,16
433,1,revolutionize collaborative functionalities,9
434,5,strategize cross-platform web-readiness,10
435,4,exploit visionary experiences,4
436,1,reinvent mission-critical communities,8
437,1,unleash rich e-markets,11
438,3,target 24/365 functionalities,15
439,4,exploit dynamic models,3
440,3,maximize seamless e-tailers,11
441,1,revolutionize scalable platforms,4
442,5,monetize robust communities,2
443,1,reinvent extensible web services,15
444,2,engage transparent paradigms,19
445,3,evolve rich channels,2
446,2,cultivate seamless paradigms,5
447,1,transform world-class channels,2
448,4,disintermediate revolutionary mindshare,8
449,1,syndicate enterprise networks,12
450,1,target extensible bandwidth,4
451,5,revolutionize sexy content,18
452,3,architect frictionless schemas,2
453,5,aggregate intuitive e-business,14
454,5,transform holistic partnerships,6
455,3,drive wireless web services,10
456,1,embrace impactful systems,9
457,2,synthesize transparent relationships,4
458,2,transition impactful users,2
459,1,drive dynamic e-services,10
460,2,revolutionize plug-and-play schemas,12
461,4,synergize vertical bandwidth,14
462,3,target granular initiatives,15
463,1,recontextualize back-end action-items,9
464,4,matrix open-source models,5
465,2,leverage world-class partnerships,1
466,3,iterate end-to-end schemas,14
467,4,enable dot-com supply-chains,7
468,4,empower cutting-edge supply-chains,16
469,4,extend turn-key paradigms,6
470,5,deliver leading-edge infomediaries,9
471,1,scale ubiquitous deliverables,1
472,1,envisioneer efficient deliverables,12
473,4,optimize 24/365 communities,8
474,3,engage real-time communities,10
475,3,synthesize visionary methodologies,6
476,4,facilitate compelling content,15
477,1,e-enable ubiquitous markets,19
478,1,seize extensible interfaces,11
479,4,disintermediate scalable eyeballs,6
480,1,unleash efficient e-tailers,16
481,3,iterate granular bandwidth,12
482,1,whiteboard impactful channels,18
483,1,empower killer experiences,3
484,5,unleash interactive vortals,17
485,5,engage seamless technologies,15
486,5,empower killer content,19
487,2,unleash plug-and-play schemas,14
488,1,target user-centric infomediaries,11
489,3,e-enable viral e-services,2
490,4,productize interactive convergence,6
491,5,whiteboard enterprise interfaces,1
492,5,reintermediate interactive methodologies,19
493,3,streamline seamless initiatives,12
494,4,brand integrated supply-chains,3
495,1,grow strategic platforms,13
496,5,transition clicks-and-mortar platforms,15
497,1,expedite frictionless supply-chains,1
498,3,maximize distributed interfaces,17
499,2,strategize distributed schemas,6
500,4,utilize interactive infomediaries,1
501,5,evolve user-centric paradigms,11
502,3,iterate magnetic synergies,13
503,2,disintermediate customized relationships,8
504,3,repurpose B2C action-items,17
505,4,incentivize proactive ROI,17
506,2,leverage collaborative platforms,1
507,4,evolve extensible web services,9
508,1,grow synergistic e-tailers,10
509,5,revolutionize innovative mindshare,17
510,4,evolve wireless metrics,14
511,2,drive best-of-breed communities,6
512,2,repurpose magnetic functionalities,1
513,4,streamline impactful infrastructures,11
514,2,enhance plug-and-play users,8
515,2,embrace vertical metrics,16
516,1,utilize scalable platforms,17
517,1,extend out-of-the-box networks,16
518,1,target rich applications,20
519,3,orchestrate frictionless systems,11
520,1,engage best-of-breed web services,11
521,1,scale clicks-and-mortar metrics,6
522,5,harness distributed schemas,18
523,2,reinvent transparent systems,4
524,1,synergize 24/7 initiatives,18
525,4,harness killer niches,11
526,2,target visionary functionalities,9
527,2,maximize proactive metrics,3
528,5,visualize plug-and-play bandwidth,14
529,2,productize enterprise infrastructures,4
530,5,benchmark 24/7 synergies,7
531,4,enable innovative convergence,1
532,3,empower innovative functionalities,15
533,3,transform customized convergence,6
534,1,expedite impactful e-commerce,19
535,2,grow next-generation paradigms,5
536,2,expedite dot-com convergence,4
537,3,visualize magnetic schemas,7
538,1,productize robust ROI,9
539,4,exploit viral e-tailers,12
540,2,monetize impactful experiences,10
541,3,monetize global deliverables,10
542,5,strategize clicks-and-mortar ROI,19
543,1,seize virtual initiatives,1
544,3,grow proactive applications,14
545,5,empower seamless bandwidth,3
546,1,seize value-added models,18
547,1,disintermediate web-enabled niches,15
548,3,utilize proactive eyeballs,15
549,4,empower turn-key applications,16
550,2,exploit world-class e-commerce,2
551,1,deploy collaborative infrastructures,20
552,4,monetize global portals,13
553,5,orchestrate granular networks,8
554,1,synthesize e-business technologies,13
555,3,whiteboard rich web-readiness,19
556,3,reintermediate extensible infomediaries,15
557,5,extend dot-com metrics,2
558,5,e-enable intuitive niches,1
559,4,enable user-centric experiences,4
560,1,architect mission-critical networks,16
561,5,synthesize ubiquitous infrastructures,17
562,5,incentivize turn-key methodologies,8
563,2,recontextualize leading-edge supply-chains,3
564,2,deliver rich infrastructures,9
565,5,generate ubiquitous relationships,1
566,3,exploit rich platforms,10
567,1,incubate turn-key action-items,12
568,3,reintermediate viral e-markets,12
569,2,orchestrate e-business initiatives,19
570,3,syndicate killer e-tailers,17
571,3,harness front-end infrastructures,20
572,4,target clicks-and-mortar e-tailers,4
573,2,cultivate next-generation web services,8
574,2,implement open-source channels,4
575,3,transform magnetic paradigms,4
576,5,revolutionize open-source e-services,14
577,3,repurpose back-end mindshare,9
578,3,e-enable plug-and-play convergence,14
579,3,extend global models,5
580,4,synergize efficient convergence,13
581,1,iterate scalable interfaces,8
582,3,unleash wireless metrics,6
583,3,cultivate killer niches,12
584,5,strategize innovative supply-chains,2
585,1,mesh bleeding-edge ROI,11
586,1,incubate vertical infrastructures,9
587,3,e-enable 24/365 niches,12
588,5,strategize cutting-edge convergence,4
589,3,orchestrate turn-key vortals,14
590,1,benchmark customized convergence,6
591,2,disintermediate intuitive solutions,14
592,4,matrix killer ROI,12
593,1,syndicate efficient e-commerce,20
594,1,disintermediate rich partnerships,8
595,4,strategize out-of-the-box niches,20
596,4,benchmark end-to-end partnerships,20
597,2,empower next-generation functionalities,5
598,3,envisioneer enterprise platforms,11
599,5,orchestrate innovative applications,1
600,3,reintermediate revolutionary ROI,15
601,3,transform B2B paradigms,14
602,2,incentivize killer methodologies,3
603,2,whiteboard one-to-one web services,12
604,2,architect dynamic schemas,19
605,1,aggregate turn-key markets,16
606,1,whiteboard frictionless paradigms,13
607,2,drive ubiquitous content,16
608,5,disintermediate extensible web-readiness,5
609,4,synergize dot-com e-commerce,7
610,1,deliver world-class partnerships,14
611,2,syndicate one-to-one communities,16
612,5,scale turn-key schemas,15
613,5,e-enable cutting-edge eyeballs,13
614,5,engage scalable mindshare,1
615,3,transition dot-com markets,5
616,1,redefine rich communities,20
617,2,synergize open-source metrics,10
618,2,orchestrate cutting-edge solutions,2
619,1,whiteboard global technologies,17
620,1,drive robust models,8
621,3,unleash revolutionary infrastructures,4
622,5,generate clicks-and-mortar e-business,10
623,2,strategize bricks-and-clicks web services,4
624,4,embrace back-end deliverables,8
625,3,extend user-centric e-business,18
626,1,iterate next-generation vortals,6
627,4,syndicate leading-edge channels,9
628,2,reintermediate enterprise convergence,10
629,2,leverage open-source web-readiness,6
630,1,harness vertical technologies,3
631,5,implement B2C methodologies,17
632,3,e-enable extensible channels,6
633,1,matrix value-added technologies,1
634,1,aggregate world-class bandwidth,20
635,5,deploy customized portals,2
636,3,envisioneer ubiquitous communities,12
637,2,transform cross-platform markets,1
638,1,morph end-to-end experiences,11
639,5,envisioneer frictionless infomediaries,3
640,2,redefine best-of-breed infrastructures,15
641,5,extend scalable web-readiness,14
642,5,empower holistic content,11
643,4,empower sticky web services,17
644,2,optimize sticky methodologies,1
645,2,morph distributed metrics,18
646,4,innovate frictionless content,2
647,5,scale granular architectures,14
648,2,generate open-source infomediaries,11
649,1,benchmark strategic e-markets,4
650,5,leverage world-class infomediaries,7
651,4,extend web-enabled mindshare,4
652,2,transition best-of-breed mindshare,13
653,2,matrix B2B e-business,11
654,1,redefine visionary action-items,20
655,3,exploit open-source systems,9
656,3,e-enable innovative metrics,9
657,3,generate ubiquitous networks,17
658,4,seize scalable e-business,4
659,4,syndicate killer infomediaries,8
660,4,envisioneer rich e-commerce,18
661,5,mesh bricks-and-clicks eyeballs,9
662,4,reinvent integrated communities,11
663,1,seize cross-media metrics,13
664,4,transition compelling schemas,1
665,1,synergize cross-platform e-tailers,16
666,4,deliver strategic metrics,8
667,4,synergize bleeding-edge schemas,6
668,3,brand e-business communities,3
669,4,leverage cross-media channels,1
670,1,recontextualize compelling networks,5
671,4,deliver cross-platform interfaces,2
672,2,disintermediate plug-and-play eyeballs,19
673,1,monetize ubiquitous content,19
674,1,empower seamless users,8
675,5,seize distributed e-business,2
676,3,reintermediate proactive convergence,15
677,2,morph rich metrics,13
678,3,integrate ubiquitous e-commerce,18
679,5,orchestrate B2C portals,18
680,4,reintermediate bleeding-edge bandwidth,19
681,3,envisioneer compelling infrastructures,15
682,5,drive distributed niches,15
683,3,incubate frictionless relationships,5
684,1,cultivate out-of-the-box synergies,17
685,5,synthesize frictionless ROI,11
686,5,synthesize out-of-the-box web-readiness,9
687,5,expedite proactive infomediaries,10
688,1,empower robust relationships,19
689,2,visualize dot-com solutions,16
690,5,extend value-added channels,5
691,5,innovate open-source supply-chains,7
692,1,evolve scalable schemas,11
693,1,seize killer mindshare,10
694,1,drive efficient channels,15
695,1,visualize sexy paradigms,6
696,3,implement collaborative e-business,9
697,5,brand real-time channels,9
698,5,synthesize B2C web services,15
699,2,matrix 24/365 solutions,18
700,5,revolutionize 24/7 markets,14
701,2,e-enable 24/365 synergies,16
702,5,innovate sexy architectures,4
703,5,matrix intuitive eyeballs,6
704,1,mesh enterprise web-readiness,19
705,1,morph real-time methodologies,4
706,4,embrace open-source paradigms,14
707,4,engineer value-added systems,17
708,3,expedite enterprise methodologies,8
709,5,enhance scalable metrics,6
710,1,reintermediate viral partnerships,6
711,3,reintermediate sexy e-commerce,2
712,3,embrace dot-com schemas,11
713,5,grow mission-critical e-business,9
714,2,reintermediate seamless technologies,14
715,1,harness strategic infomediaries,14
716,1,revolutionize end-to-end experiences,11
717,3,generate rich supply-chains,4
718,5,redefine turn-key e-commerce,18
719,5,matrix user-centric web-readiness,13
720,5,reintermediate cross-media eyeballs,18
721,3,redefine dynamic platforms,18
722,2,incubate one-to-one experiences,4
723,5,revolutionize user-centric eyeballs,6
724,5,integrate innovative schemas,5
725,1,aggregate customized mindshare,2
726,2,iterate back-end deliverables,15
727,1,redefine killer users,8
728,1,engineer transparent paradigms,17
729,1,e-enable visionary models,10
730,3,strategize vertical supply-chains,18
731,3,utilize end-to-end vortals,4
732,5,orchestrate holistic e-tailers,10
733,3,productize turn-key relationships,7
734,2,repurpose vertical supply-chains,19
735,2,exploit intuitive metrics,1
736,1,mesh holistic e-commerce,12
737,2,redefine mission-critical mindshare,5
738,5,architect strategic infomediaries,3
739,4,innovate robust deliverables,13
740,2,evolve global technologies,19
741,3,scale back-end vortals,4
742,3,deploy integrated schemas,12
743,2,envisioneer sticky e-tailers,20
744,1,repurpose customized schemas,16
745,3,aggregate real-time models,4
746,2,synthesize customized synergies,7
747,1,facilitate granular content,5
748,2,incentivize strategic applications,13
749,2,deploy wireless architectures,10
750,2,evolve e-business e-markets,14
751,5,streamline extensible e-markets,19
752,3,synthesize compelling channels,8
753,3,productize collaborative bandwidth,6
754,2,iterate B2B niches,7
755,1,revolutionize 24/365 interfaces,1
756,4,transition real-time users,1
757,3,unleash real-time metrics,15
758,2,harness leading-edge channels,13
759,4,syndicate impactful content,19
760,3,transform revolutionary synergies,18
761,1,scale B2C mindshare,1
762,5,integrate synergistic users,9
763,2,scale vertical mindshare,15
764,3,syndicate B2B action-items,16
765,5,embrace granular schemas,18
766,1,maximize intuitive bandwidth,13
767,4,facilitate dot-com vortals,5
768,5,e-enable next-generation e-markets,1
769,3,maximize vertical platforms,19
770,4,streamline robust supply-chains,20
771,2,orchestrate open-source partnerships,5
772,2,extend granular eyeballs,9
773,4,enable holistic e-markets,17
774,5,leverage collaborative bandwidth,2
775,4,grow extensible eyeballs,10
776,2,monetize world-class synergies,14
777,4,exploit e-business deliverables,7
778,3,deploy global experiences,19
779,1,orchestrate bleeding-edge mindshare,11
780,3,transition strategic vortals,3
781,2,brand scalable applications,1
782,3,engage sticky portals,1
783,5,utilize seamless partnerships,18
784,1,maximize world-class relationships,17
785,4,extend end-to-end interfaces,19
786,4,unleash dynamic e-business,2
787,5,monetize seamless markets,18
788,2,implement 24/365 vortals,5
789,3,utilize dot-com action-items,4
790,5,innovate sticky infomediaries,17
791,3,repurpose mission-critical technologies,12
792,1,strategize viral functionalities,19
793,3,e-enable revolutionary channels,2
794,4,revolutionize front-end bandwidth,8
795,2,visualize innovative bandwidth,17
796,5,incubate one-to-one e-markets,16
797,5,syndicate distributed web services,17
798,5,monetize turn-key e-markets,14
799,4,integrate end-to-end markets,13
800,4,mesh web-enabled channels,16
801,3,facilitate customized niches,16
802,1,benchmark bleeding-edge solutions,19
803,5,strategize enterprise initiatives,5
804,5,enhance robust functionalities,15
805,1,target holistic architectures,16
806,4,reinvent user-centric initiatives,16
807,1,exploit cutting-edge platforms,11
808,3,synthesize rich e-services,10
809,5,morph customized niches,1
810,3,streamline bleeding-edge bandwidth,11
811,5,deploy innovative applications,3
812,2,envisioneer real-time content,15
813,2,iterate clicks-and-mortar web services,7
814,2,empower transparent applications,16
815,4,iterate best-of-breed metrics,10
816,2,disintermediate wireless e-tailers,2
817,5,cultivate revolutionary platforms,12
818,4,grow extensible markets,1
819,2,seize cross-platform vortals,9
820,2,morph clicks-and-mortar platforms,18
821,3,redefine frictionless web services,3
822,4,target synergistic architectures,12
823,5,strategize distributed schemas,13
824,3,morph seamless action-items,18
825,4,implement distributed eyeballs,3
826,3,redefine impactful convergence,18
827,4,streamline B2B e-commerce,16
828,5,grow magnetic metrics,3
829,4,deliver visionary web-readiness,12
830,5,harness cross-platform partnerships,15
831,4,deliver mission-critical e-business,8
832,1,recontextualize real-time web-readiness,19
833,5,benchmark proactive systems,13
834,4,innovate impactful methodologies,9
835,1,embrace collaborative convergence,12
836,3,strategize cross-platform eyeballs,18
837,2,deploy revolutionary deliverables,9
838,3,harness 24/365 methodologies,18
839,5,redefine killer relationships,3
840,2,envisioneer web-enabled portals,3
841,1,morph mission-critical applications,4
842,4,scale world-class functionalities,20
843,3,extend one-to-one eyeballs,19
844,1,innovate killer ROI,16
845,1,synergize ubiquitous partnerships,10
846,2,revolutionize turn-key synergies,18
847,2,mesh proactive action-items,4
848,5,facilitate value-added bandwidth,18
849,1,engineer e-business markets,13
850,1,drive B2B web-readiness,14
851,1,leverage B2C deliverables,8
852,5,incubate impactful e-markets,12
853,3,incentivize transparent communities,13
854,4,harness compelling e-markets,3
855,5,utilize killer models,3
856,3,exploit e-business networks,19
857,4,drive visionary supply-chains,10
858,2,incentivize virtual methodologies,13
859,2,monetize world-class portals,15
860,2,engineer vertical supply-chains,8
861,4,unleash proactive systems,18
862,5,matrix robust communities,12
863,1,innovate extensible synergies,6
864,3,streamline customized vortals,5
865,4,deploy plug-and-play synergies,5
866,1,e-enable 24/7 deliverables,18
867,2,reinvent clicks-and-mortar synergies,10
868,3,strategize collaborative partnerships,18
869,1,harness leading-edge e-tailers,8
870,5,mesh visionary niches,19
871,3,incubate 24/7 ROI,8
872,4,brand front-end architectures,12
873,2,evolve sticky systems,16
874,5,engineer scalable functionalities,3
875,3,brand proactive channels,4
876,1,exploit strategic web-readiness,12
877,3,revolutionize impactful methodologies,9
878,2,optimize end-to-end infomediaries,9
879,4,generate web-enabled schemas,16
880,4,expedite end-to-end e-services,18
881,3,recontextualize magnetic initiatives,19
882,1,seize dynamic content,16
883,3,evolve frictionless functionalities,7
884,2,embrace visionary deliverables,9
885,3,aggregate viral relationships,5
886,5,productize synergistic infrastructures,3
887,4,matrix compelling synergies,4
888,4,reintermediate B2C markets,8
889,3,matrix integrated convergence,16
890,1,whiteboard intuitive niches,4
891,2,extend out-of-the-box portals,18
892,2,syndicate global e-markets,15
893,4,engage vertical paradigms,19
894,3,embrace revolutionary e-tailers,14
895,1,reintermediate cutting-edge vortals,6
896,4,drive plug-and-play niches,16
897,2,transform collaborative architectures,20
898,5,cultivate interactive infrastructures,19
899,3,deliver robust platforms,6
900,3,syndicate best-of-breed metrics,18
901,2,orchestrate vertical users,7
902,4,embrace distributed mindshare,16
903,2,facilitate cross-platform e-business,1
904,4,extend open-source convergence,11
905,3,empower distributed methodologies,16
906,3,integrate holistic technologies,6
907,4,expedite world-class markets,20
908,5,iterate wireless methodologies,13
909,5,whiteboard sexy web services,20
910,4,enhance web-enabled supply-chains,9
911,4,mesh transparent eyeballs,3
912,4,iterate next-generation applications,19
913,5,cultivate world-class web services,20
914,5,seize intuitive infomediaries,3
915,5,harness e-business communities,12
916,2,expedite viral portals,2
917,2,deliver viral synergies,4
918,4,optimize 24/365 models,6
919,3,scale enterprise experiences,10
920,4,transition next-generation vortals,9
921,5,e-enable mission-critical convergence,11
922,4,evolve global e-business,12
923,3,incubate visionary experiences,18
924,1,cultivate efficient architectures,2
925,5,evolve user-centric vortals,2
926,5,envisioneer seamless markets,9
927,3,e-enable world-class supply-chains,6
928,4,utilize ubiquitous markets,13
929,4,target synergistic e-markets,12
930,1,repurpose holistic vortals,9
931,5,mesh bleeding-edge paradigms,3
932,1,target interactive eyeballs,8
933,2,implement sticky e-commerce,5
934,2,repurpose rich e-services,19
935,1,expedite sexy networks,15
936,5,transform value-added users,14
937,2,implement frictionless e-commerce,14
938,3,aggregate dot-com applications,16
939,2,empower mission-critical functionalities,12
940,2,harness extensible e-commerce,17
941,2,cultivate web-enabled solutions,16
942,4,leverage plug-and-play ROI,6
943,3,incentivize compelling channels,17
944,3,target sticky portals,7
945,4,evolve cutting-edge relationships,14
946,3,productize 24/365 users,8
947,2,architect granular e-commerce,12
948,1,productize bricks-and-clicks channels,5
949,1,enhance B2C interfaces,15
950,3,orchestrate e-business communities,19
951,1,transform enterprise paradigms,11
952,1,enhance best-of-breed synergies,12
953,4,iterate robust supply-chains,8
954,2,unleash next-generation e-services,14
955,2,redefine end-to-end niches,12
956,2,deliver one-to-one vortals,19
957,5,architect revolutionary interfaces,19
958,4,maximize sexy models,12
959,1,reintermediate mission-critical ROI,8
960,5,matrix dot-com web services,20
961,5,orchestrate clicks-and-mortar applications,12
962,4,architect granular action-items,9
963,5,strategize killer communities,10
964,1,iterate impactful systems,4
965,2,morph clicks-and-mortar convergence,3
966,5,aggregate rich bandwidth,3
967,2,orchestrate synergistic e-business,10
968,5,mesh transparent e-tailers,1
969,1,exploit wireless architectures,12
970,2,incentivize integrated e-tailers,20
971,3,incubate bleeding-edge synergies,19
972,1,optimize transparent deliverables,4
973,4,productize turn-key interfaces,7
974,3,architect web-enabled metrics,17
975,2,engineer front-end action-items,15
976,2,redefine virtual partnerships,9
977,1,orchestrate proactive action-items,18
978,2,engineer B2B functionalities,13
979,1,monetize killer e-commerce,12
980,3,monetize 24/365 systems,19
981,3,engage synergistic eyeballs,4
982,1,e-enable dot-com paradigms,11
983,5,deploy dynamic content,18
984,4,evolve best-of-breed applications,2
985,1,strategize compelling niches,19
986,3,synthesize seamless portals,19
987,5,aggregate virtual action-items,4
988,2,deploy interactive paradigms,6
989,4,expedite magnetic bandwidth,17
990,2,enable frictionless partnerships,11
991,5,leverage best-of-breed interfaces,9
992,1,redefine strategic e-commerce,12
993,1,drive enterprise e-commerce,13
994,1,enhance plug-and-play partnerships,14
995,2,integrate proactive eyeballs,15
996,3,cultivate dot-com markets,8
997,2,unleash user-centric web-readiness,19
998,5,target transparent solutions,20
999,4,embrace back-end vortals,7
1000,4,synthesize next-generation markets,4
